{
  "test1": {
    "l1_cache": {
      "test_name": "L1_Exact_Cache",
      "total_requests": 50,
      "successful": 20,
      "failed": 30,
      "latencies_ms": [
        21367.009491001227,
        16504.18569300018,
        11302.032171000974,
        29598.37105599945,
        13055.138538000392,
        16946.539331000167,
        14957.193378000738,
        24262.785345001248,
        18018.10642700002,
        14205.020276000141,
        23519.248049000453,
        9900.836562999757,
        19399.151633000656,
        22218.784329999835,
        19406.836970998484,
        25731.016461000763,
        16943.651743999,
        20112.971866999942,
        20405.050985000344,
        29117.23802800043
      ],
      "cache_hits": 0,
      "cache_misses": 20,
      "throughput_rps": 0.051683437001131996,
      "p50_latency": 19406.836970998484,
      "p95_latency": 29598.37105599945,
      "p99_latency": 29598.37105599945
    },
    "l2_cache": {
      "test_name": "L2_Semantic_Cache",
      "total_requests": 30,
      "successful": 12,
      "failed": 18,
      "latencies_ms": [
        10986.914094000895,
        15909.546375998616,
        28654.399416998785,
        28861.40017300204,
        20556.631151001056,
        24003.75882500157,
        26177.08642999787,
        17417.95117500078,
        15848.875076000695,
        21025.76689900161,
        14344.482543001504,
        8906.386624999868
      ],
      "cache_hits": 0,
      "cache_misses": 12,
      "throughput_rps": 0.051570050447150614,
      "p50_latency": 20556.631151001056,
      "p95_latency": 28861.40017300204,
      "p99_latency": 28861.40017300204
    },
    "batch": {}
  },
  "test2": {
    "parallel_vs_sequential": {
      "3": {
        "sequential": {
          "mean": 0.4223640000418527,
          "stdev": 0.8565297114966653
        },
        "parallel": {
          "mean": 0.24480724001477938,
          "stdev": 0.3744544984823884
        },
        "speedup": 1.7252921115255986
      },
      "5": {
        "sequential": {
          "mean": 1.2947413008078001,
          "stdev": 1.196925219086385
        },
        "parallel": {
          "mean": 2.809767369981273,
          "stdev": 2.04029578413958
        },
        "speedup": 0.4608001767834714
      },
      "7": {
        "sequential": {
          "mean": 9.6850429999904,
          "stdev": 5.491891883512575
        },
        "parallel": {
          "mean": 9.100093570050376,
          "stdev": 4.4135750683799175
        },
        "speedup": 1.0642794961872888
      }
    },
    "batch_simulation": {
      "1": {
        "mean_ms": 0.0019292001525172964,
        "stdev_ms": 0.0009349172471495739,
        "throughput_actions_per_sec": 518349.53397404647
      },
      "2": {
        "mean_ms": 0.003552250564098358,
        "stdev_ms": 0.0004334889538500893,
        "throughput_actions_per_sec": 563023.3464422422
      },
      "4": {
        "mean_ms": 0.004056150282849558,
        "stdev_ms": 0.001095838813846679,
        "throughput_actions_per_sec": 986156.7548207038
      },
      "8": {
        "mean_ms": 0.01185435030492954,
        "stdev_ms": 0.001580007082370424,
        "throughput_actions_per_sec": 674857.7352799556
      },
      "16": {
        "mean_ms": 0.026606400024320465,
        "stdev_ms": 0.00345714361028311,
        "throughput_actions_per_sec": 601359.0709519014
      }
    }
  },
  "test3": {
    "connection_pool": {
      "test_name": "Connection_Pool_Concurrent",
      "total_requests": 32,
      "successful": 3,
      "failed": 29,
      "latencies_ms": [
        30597.878151998884,
        29980.99875800108,
        22926.80544399991
      ],
      "cache_hits": 0,
      "cache_misses": 0,
      "throughput_rps": 0.03592569889175095,
      "p50_latency": 29980.99875800108,
      "p95_latency": 30597.878151998884,
      "p99_latency": 30597.878151998884
    },
    "batch_vs_sequential": {
      "1": {
        "test_name": "Batch_vs_Seq_1",
        "total_requests": 5,
        "successful": 5,
        "failed": 0,
        "latencies_ms": [],
        "cache_hits": 0,
        "cache_misses": 0,
        "throughput_rps": 0.0,
        "p50_latency": 0.0,
        "p95_latency": 0.0,
        "p99_latency": 0.0
      },
      "2": {
        "test_name": "Batch_vs_Seq_2",
        "total_requests": 10,
        "successful": 10,
        "failed": 0,
        "latencies_ms": [],
        "cache_hits": 0,
        "cache_misses": 0,
        "throughput_rps": 0.0,
        "p50_latency": 0.0,
        "p95_latency": 0.0,
        "p99_latency": 0.0
      },
      "4": {
        "test_name": "Batch_vs_Seq_4",
        "total_requests": 20,
        "successful": 20,
        "failed": 0,
        "latencies_ms": [],
        "cache_hits": 0,
        "cache_misses": 0,
        "throughput_rps": 0.0,
        "p50_latency": 0.0,
        "p95_latency": 0.0,
        "p99_latency": 0.0
      },
      "8": {
        "test_name": "Batch_vs_Seq_8",
        "total_requests": 40,
        "successful": 40,
        "failed": 0,
        "latencies_ms": [],
        "cache_hits": 0,
        "cache_misses": 0,
        "throughput_rps": 0.0,
        "p50_latency": 0.0,
        "p95_latency": 0.0,
        "p99_latency": 0.0
      },
      "16": {
        "test_name": "Batch_vs_Seq_16",
        "total_requests": 80,
        "successful": 80,
        "failed": 0,
        "latencies_ms": [],
        "cache_hits": 0,
        "cache_misses": 0,
        "throughput_rps": 0.0,
        "p50_latency": 0.0,
        "p95_latency": 0.0,
        "p99_latency": 0.0
      }
    }
  },
  "boost": {
    "sephirah_mapping": {
      "Geburah": "INT4",
      "Netzach": "INT4",
      "Hod": "INT8",
      "Chesed": "INT8",
      "Tiphareth": "INT8",
      "Kether": "FP16",
      "Chokhmah": "FP16",
      "Binah": "FP16",
      "Yesod": "INT8",
      "Malkuth": "FP16"
    },
    "quant_tiers": {
      "INT4": {
        "speed": 1.0,
        "quality": 0.85,
        "vram_gb": 2.5,
        "tokens_per_sec": 45
      },
      "INT8": {
        "speed": 0.75,
        "quality": 0.93,
        "vram_gb": 4.5,
        "tokens_per_sec": 35
      },
      "FP16": {
        "speed": 0.5,
        "quality": 1.0,
        "vram_gb": 8.0,
        "tokens_per_sec": 22
      }
    },
    "avg_boost": 1.3405714285714285,
    "config_path": "/home/tehlappy/Desktop/AI/abyssal-assets/cp2077_mods/tweakdb/adaptive_quantization.yaml"
  }
}